{
  "auc": 0.9940185546875,
  "brier_score": 0.015679245958036936,
  "precision": 0.967741935483871,
  "recall": 0.9375,
  "f1": 0.9523809523809523,
  "n_train": 640,
  "n_val": 160,
  "pos_rate_train": 0.2015625,
  "pos_rate_val": 0.2
}