{
  "auc": 0.9804973599046158,
  "brier_score": 0.028235517945259258,
  "precision": 0.9814814814814815,
  "recall": 0.9298245614035088,
  "f1": 0.954954954954955,
  "n_train": 640,
  "n_val": 160,
  "pos_rate_train": 0.353125,
  "pos_rate_val": 0.35625
}